{"cameraMode":{"drawMode":0,"name":"Shaded","section":"Shading Mode"},"sceneLighting":true,"audioPlay":false,"sceneViewState":{"m_AlwaysRefresh":false,"showFog":true,"showSkybox":true,"showFlares":true,"showImageEffects":true,"showParticleSystems":true,"showVisualEffectGraphs":true,"m_FxEnabled":true},"in2DMode":false,"pivot":{"x":0.06190776824951172,"y":-0.09335041046142578,"z":-0.019783973693847657},"rotation":{"x":-0.1713148057460785,"y":0.5606378316879273,"z":-0.11983013153076172,"w":-0.8012868165969849},"size":13.022601127624512,"orthographic":true}